<?xml version="1.0"?>
<!DOCTYPE package-info SYSTEM "http://www.simplemachines.org/xml/package-info">
<package-info xmlns="http://www.simplemachines.org/xml/package-info" xmlns:smf="http://www.simplemachines.org/">
	<name>Quick Upload</name>
	<id>Elmacik:QuickUpload</id>
	<type>modification</type>
	<version>2.1</version>
	<install>
		<readme type="inline">This mod will make it very easy to upload files directly from your site (when posting) to free hosts like RapidShare,
YouSendIt, UltraShare.. Totally 10 free hosts.
Script is tested many many times using SMF 1.0.5 - SMF 1.1 Beta 3 Public - SMF 1.1 RC 1 and,
all operations were successfull (installation, uninstallation and usage)
The codes no more comply with XHTML 1.0 :P
It works with built-in templates. (SMF Default and Classic YaBB SE Themes)
Note: This mod never conflicts with any other one..</readme>
		<modification type="file" format="boardmod">quick_upload2.1.mod</modification>
		<require-file name="Upload.html" destination="$boarddir" />
		<require-file name="header1.png" destination="$boarddir/Themes/default/images" />
                <require-file name="header2.png" destination="$boarddir/Themes/default/images" />
	</install>
	<uninstall>
		<readme type="inline">This mod will make it very easy to upload files directly from your site (when posting) to free hosts like RapidShare,
YouSendIt, UltraShare.. Totally 10 free hosts.
Script is tested many many times using SMF 1.0.5 - SMF 1.1 Beta 3 Public - SMF 1.1 RC 1 and,
all operations were successfull (installation, uninstallation and usage)
The codes no more comply with XHTML 1.0 :P
It works with built-in templates. (SMF Default and Classic YaBB SE Themes)
Note: This mod never conflicts with any other one..</readme>
		<modification type="file" reverse="true" format="boardmod">quick_upload2.1.mod</modification>
		<remove-file name="Upload.html" destination="$boarddir" />
		<remove-file name="header1.png" destination="$boarddir/Themes/default/images" />
                <remove-file name="header2.png" destination="$boarddir/Themes/default/images" />
                </uninstall>
</package-info>