<?xml version="1.0"?>
<!DOCTYPE modification SYSTEM "http://www.simplemachines.org/xml/modification">

<modification xmlns="http://www.simplemachines.org/xml/modification" xmlns:smf="http://www.simplemachines.org/">
	<id>sarke:cutombbcode</id>
	<version>2.00</version>

	<file name="$sourcedir/ModSettings.php">

		<!-- Add it to the $subActions array in ModifyFeatureSettings(). -->
		<operation>

			<search position="before"><![CDATA[
	$context['sub_template'] = 'show_settings';

	$subActions = array(
]]></search>

			<add><![CDATA[		'custombbc' => 'ModifyCustomBBCodeSettings',
]]></add>
		</operation>

		<!-- Same as above but a second time in ModifyFeatureSettings2(). -->
		<operation>

			<search position="before"><![CDATA[
	require_once($sourcedir . '/ManageServer.php');

	$subActions = array(
]]></search>

			<add><![CDATA[		'custombbc' => 'ModifyCustomBBCodeSettings',
]]></add>
		</operation>

		<!-- Add it to the $context['admin_tabs']['tabs'] array in ModifyFeatureSettings(). -->
		<operation>

			<search position="before"><![CDATA[
			'layout' => array(
				'title' => $txt['mods_cat_layout'],
				'href' => $scripturl . '?action=featuresettings;sa=layout;sesc=' . $context['session_id'],
			),
]]></search>
			<add><![CDATA[
			'custombbc' => array(
				'title' => $txt['customBBCode_tabtitle'],
				'href' => $scripturl . '?action=featuresettings;sa=custombbc;sesc=' . $context['session_id'],
			),
]]></add>
		</operation>

		<!-- Add the function for this settings tab. -->
		<operation>

			<search position="after"><![CDATA[
?>]]></search>
			<add><![CDATA[
function ModifyCustomBBCodeSettings()
{
	global $sourcedir;

	require_once $sourcedir . '/CustomBBCode.php';

	if (!empty($_GET['tag']))
		EditCustomTag($_GET['tag']);
	else
		BrowseCustomTags();
}
]]></add>
		</operation>
	</file>

	<file name="$sourcedir/Subs.php">
		
		<!-- Add the parsing into the $codes array in parse_bbc(). -->
		<operation>

			<search position="after"><![CDATA[
		// This is mainly for the bbc manager, so it's easy to add tags above.  Custom BBC should be added above this line.
]]></search>
			<add><![CDATA[
		// Add custom BBCode
		if (!empty($modSettings['customBBCode_count']))
		{
			// Find all the tags.
			$count = $modSettings['customBBCode_count'];
			for ($i = 1; $count; $i++)
			{
				if (isset($modSettings['customBBCode_tag_' . $i]))
				{
					$tags[$i] = $modSettings['customBBCode_tag_' . $i];
					$count--;
				}
			}

			foreach ($tags as $i => $tag)
			{
				if (!empty($tag) && !empty($modSettings['customBBCode_enable_' . $i]))
				{
					// Tag parsing starts here.  Start with the name.
					$custom_code = array('tag' => $tag);

					// Set block level.
					if (!empty($modSettings['customBBCode_block_level_' . $i]))
						$custom_code['block_level'] = true;
					
					// Set trim.
					if (!empty($modSettings['customBBCode_trim_' . $i]))
					{
						if ($modSettings['customBBCode_trim_' . $i] == 1)
							$custom_code['trim'] = 'inside';
						else
							$custom_code['trim'] = 'outside';
					}

					// Check tag type so we don't have to do it again.
					if (!empty($modSettings['customBBCode_type_' . $i]))
						$tag_type = $modSettings['customBBCode_type_' . $i];
					else
						$tag_type = 0;

					// Find the type and parsing.
					if ($tag_type == 2) // At the top because it never uses parsing.
					{
						$custom_code['type'] = 'closed';

						if (!empty($modSettings['customBBCode_text_' . $i]))
							$custom_code['content'] = $modSettings['customBBCode_text_' . $i];
					}
					elseif (empty($modSettings['customBBCode_parse_' . $i])) // No parsing.
					{
						if ($tag_type == 1)
							$custom_code['type'] = 'unparsed_equals_content';
						else
							$custom_code['type'] = 'unparsed_content';

						if (!empty($modSettings['customBBCode_text_' . $i]))
							$custom_code['content'] = $modSettings['customBBCode_text_' . $i];
					}
					else // It parses.
					{
						if ($tag_type == 1)
							if ($modSettings['customBBCode_parse_' . $i] == 1)
								$custom_code['type'] = 'unparsed_equals';
							else
								$custom_code['type'] = 'parsed_equals';

						if (!empty($modSettings['customBBCode_before_' . $i]))
							$custom_code['before'] = $modSettings['customBBCode_before_' . $i];

						if (!empty($modSettings['customBBCode_after_' . $i]))
							$custom_code['after'] = $modSettings['customBBCode_after_' . $i];
					}

					// Add it to the standard tags.
					$codes[] = $custom_code;
				}
			}
		}
]]></add>
		</operation>
	</file>

	<file name="$themedir/Post.template.php">
		
		<!-- Add the button info into the $context['bbc_tags'] array in template_postbox(). -->
		<operation>

			<search position="after"><![CDATA[
		$found_button = false;
		// Here loop through the array, printing the images/rows/separators!
]]></search>
			<add><![CDATA[
		// Add custom BBCode
		if (!empty($modSettings['customBBCode_count']))
		{
			// Add seperator
			$context['bbc_tags'][1][] = array();

			// Find all the tags.
			$count = $modSettings['customBBCode_count'];
			for ($i = 1; $count; $i++)
			{
				if (isset($modSettings['customBBCode_tag_' . $i]))
				{
					$tags[$i] = $modSettings['customBBCode_tag_' . $i];
					$count--;
				}
			}

			// Sort tags.
			asort($tags);

			foreach ($tags as $i => $tag)
			{
				if (!empty($tag) && !empty($modSettings['customBBCode_enable_' . $i]) && !empty($modSettings['customBBCode_button_' . $i]))
				{
					$context['bbc_tags'][1][$tag]['code'] = $tag; 

					// Check tag type so we don't have to do it again.
					if (!empty($modSettings['customBBCode_type_' . $i]))
						$tag_type = $modSettings['customBBCode_type_' . $i];
					else
						$tag_type = 0;

					if ($tag_type == 1)
						$context['bbc_tags'][1][$tag]['before'] = '[' . $tag . '=]'; 
					else
						$context['bbc_tags'][1][$tag]['before'] = '[' . $tag . ']'; 
					
					if ($tag_type != 2)
						$context['bbc_tags'][1][$tag]['after'] = '[/' . $tag . ']'; 

					if (!empty($modSettings['customBBCode_description_' . $i]))
						$context['bbc_tags'][1][$tag]['description'] = $modSettings['customBBCode_description_' . $i];
					else
						$context['bbc_tags'][1][$tag]['description'] = $tag; 
				}
			}
		}
]]></add>
		</operation>
	</file>

	<file name="$languagedir/Modifications.english.php">
		
		<!-- Add the English text. -->
		<operation>

			<search position="after"><![CDATA[
?>]]></search>
			<add><![CDATA[
// Custom BBCode
$txt['customBBCode_tabtitle'] = 'Custom BBC';
$txt['customBBCode_tag'] = 'Tag name';
$txt['customBBCode_description'] = 'Description';
$txt['customBBCode_enable'] = 'Enable tag';
$txt['customBBCode_type'] = 'Tag type';
$txt['customBBCode_type_options'] = '[tag]content[tag]|[tag=option]content[tag]|[tag]';
$txt['customBBCode_trim'] = 'Trim whitespace';
$txt['customBBCode_trim_options'] = '(no trim)|inside|outside|both';
$txt['customBBCode_block_level'] = 'Block level';
$txt['customBBCode_button'] = 'Add button';
$txt['customBBCode_parse'] = 'Parse enclosed BBCode';
$txt['customBBCode_parse_options'] = '(no parsing)|content only|content and option';
$txt['customBBCode_text'] = 'The HTML used for the tag<div class="smalltext">&lt;tag&gt;{content}&lt;/tag&gt;</div><div class="smalltext">&lt;tag alt={option}&gt;{content}&lt;/tag&gt;</div>';
]]></add>
		</operation>
	</file>
</modification>
