<?xml version="1.0"?>
<!DOCTYPE package-info SYSTEM "http://www.simplemachines.org/xml/package-info">

<package-info xmlns="http://www.simplemachines.org/xml/package-info" xmlns:smf="http://www.simplemachines.org/">
	<id>sarke:cutombbcode</id>
	<name>Custom BBCode</name>
	<version>2.00</version>

	<type>modification</type>

	<install>
		<readme>readme.txt</readme>
		<require-file name="CustomBBCode.php" destination="$sourcedir" />
		<modification>install.xml</modification>
	</install>

	<uninstall>
		<readme type="inline">The custom BBCode tags will remain in the settings database, and will be usable again if the MOD is re-installed.</readme>
		<remove-file name="$sourcedir/CustomBBCode.php" />
		<modification reverse="true">install.xml</modification>
	</uninstall>
</package-info>
